Rk,Player,,,Team,Conf,Role,Min%,PRPG!,D-PRPG,BPM,ORtg,D-Rtg,Usg,eFG,TS,OR,DR,Ast,TO,Blk,Stl,FTR,FTA,FT %,2PA,2P %,3P/100,,,,,,,,,,,,,,,,,,,,,,,,,,,,,,,,,,,,,,,,,,,,,,,,,,,,,,,,,,,,,,,,,,,,,,
1,Sr,7-Jun,Cam Denson,Long Beach St.,BW,Wing F,43.3,-0.2,1,-5.6,90.5,116.5,17.4,52.3,49.9,7,12.9,9.2,22.5,2,1,44.1,18-49,0.367,40-79,0.506,3.7,,,,,,,,,,,,,,,,,,,,,,,,,,,,,,,,,,,,,,,,,,,,,,,,,,,,,,,,,,,,,,,,,,,,,,
2,Fr,2-Jun,LoLo Rudolph,Cal St. Fullerton,BW,Combo G,53.2,-2.1,1,-8.4,72.3,118.2,9.8,34.7,41.8,1.6,10.2,11,33.6,0.4,0.7,62.7,23-37,0.622,13-34,0.382,2.3,,,,,,,,,,,,,,,,,,,,,,,,,,,,,,,,,,,,,,,,,,,,,,,,,,,,,,,,,,,,,,,,,,,,,,
3,So,Jun-00,Keith Richard,Cal St. Fullerton,BW,Combo G,51.9,-0.8,1.1,-8.5,77,116.9,21.8,35.2,40.5,2.6,8.4,14.5,21.8,0.6,1.3,31.2,43-59,0.729,41-110,0.373,7.4,,,,,,,,,,,,,,,,,,,,,,,,,,,,,,,,,,,,,,,,,,,,,,,,,,,,,,,,,,,,,,,,,,,,,,
4,Sr,Jun-00,Kadar Waller,Cal St. Bakersfield,BW,Combo G,42.2,-0.4,1.2,-3.6,93.6,112.7,12.8,44.3,51.1,2.4,10.1,15.8,30.8,0.2,3.3,51.4,27-36,0.75,22-54,0.407,1.8,,,,,,,,,,,,,,,,,,,,,,,,,,,,,,,,,,,,,,,,,,,,,,,,,,,,,,,,,,,,,,,,,,,,,,
5,So,10-Jun,Kendrick De Luna,Cal St. Fullerton,BW,C,59.2,-0.9,1.2,-6.5,83.2,116.7,16.1,48.1,48.8,4.2,7.5,5,24.4,2.8,1.2,29.2,23-45,0.511,74-154,0.481,0,,,,,,,,,,,,,,,,,,,,,,,,,,,,,,,,,,,,,,,,,,,,,,,,,,,,,,,,,,,,,,,,,,,,,,
6,Fr,4-Jun,Kam Martin,Long Beach St.,BW,Combo G,69.1,0.3,1.3,-4.8,96.3,118.3,17.2,47,52.2,1.2,6.2,10.8,20.6,0.5,1.7,35,55-69,0.797,43-99,0.434,7.1,,,,,,,,,,,,,,,,,,,,,,,,,,,,,,,,,,,,,,,,,,,,,,,,,,,,,,,,,,,,,,,,,,,,,,
7,So,4-Jun,Antwan Robinson,Cal St. Fullerton,BW,Wing G,57,-0.9,1.3,-6.3,79.8,115.7,18.8,38.1,40.7,3,13,4.7,16.3,0.6,1.4,12.4,22-27,0.815,29-68,0.426,12.7,,,,,,,,,,,,,,,,,,,,,,,,,,,,,,,,,,,,,,,,,,,,,,,,,,,,,,,,,,,,,,,,,,,,,,
8,Jr,7-Jun,Kaleb Brown,Cal St. Fullerton,BW,Wing G,47.5,-0.4,1.3,-5.8,82.4,113.7,21.4,43.2,48.5,2.4,15,18.3,28.6,0.9,1.8,37.4,41-55,0.745,35-80,0.438,6.8,,,,,,,,,,,,,,,,,,,,,,,,,,,,,,,,,,,,,,,,,,,,,,,,,,,,,,,,,,,,,,,,,,,,,,
9,Jr,3-Jun,Carl Daughtery Jr.,UC Davis,BW,Wing G,43.4,-0.5,1.4,-6,87.3,109.1,16.1,38.1,41.9,2.8,8,4.1,11.1,0.2,1.6,25.2,25-36,0.694,23-68,0.338,8.4,,,,,,,,,,,,,,,,,,,,,,,,,,,,,,,,,,,,,,,,,,,,,,,,,,,,,,,,,,,,,,,,,,,,,,
10,So,9-Jun,Akira Jacobs,Hawaii,BW,Stretch 4,45.4,0.8,1.4,-2.7,102.2,111,19.4,49.7,54.3,4.8,11.2,6.7,18.7,0.8,0.5,35.8,41-53,0.774,33-57,0.579,10.3,,,,,,,,,,,,,,,,,,,,,,,,,,,,,,,,,,,,,,,,,,,,,,,,,,,,,,,,,,,,,,,,,,,,,,
11,Sr,2-Jun,Deuce Turner,UC Santa Barbara,BW,Combo G,48,1.1,1.4,-3.2,101.4,110.4,26,48.2,52.6,0.6,9.8,14.7,14.7,0.2,1.8,24.8,54-63,0.857,64-126,0.508,12.5,,,,,,,,,,,,,,,,,,,,,,,,,,,,,,,,,,,,,,,,,,,,,,,,,,,,,,,,,,,,,,,,,,,,,,
12,Jr,9-Jun,Harry Rouhliadeff,Hawaii,BW,Stretch 4,45.1,1.3,1.4,0.5,113,108.8,18.6,54.3,59,7.3,16.9,6.1,15.9,0.6,0.7,42.8,46-59,0.78,48-89,0.539,5.6,,,,,,,,,,,,,,,,,,,,,,,,,,,,,,,,,,,,,,,,,,,,,,,,,,,,,,,,,,,,,,,,,,,,,,
13,Jr,3-Jun,TJ Wainwright,Long Beach St.,BW,Combo G,67.8,2.7,1.4,-0.3,115,118,20.7,55.5,59.7,1.7,8.2,13.4,13.6,0,1.8,30.5,67-80,0.838,69-136,0.507,9.3,,,,,,,,,,,,,,,,,,,,,,,,,,,,,,,,,,,,,,,,,,,,,,,,,,,,,,,,,,,,,,,,,,,,,,
14,Sr,2-Jun,Marcus Greene,Hawaii,BW,Combo G,49.9,0.6,1.5,-3,97.7,110.8,21.5,47.9,50.8,1.5,8.3,16.2,19.2,0.5,1.1,20.3,30-39,0.769,50-105,0.476,8.9,,,,,,,,,,,,,,,,,,,,,,,,,,,,,,,,,,,,,,,,,,,,,,,,,,,,,,,,,,,,,,,,,,,,,,
15,Sr,9-Jun,Max Murrell,UC Santa Barbara,BW,Stretch 4,44.6,0.5,1.5,-0.8,105.8,109.5,15.6,51.7,53.2,3.3,9.4,9.9,14.8,4.5,1.2,8.8,13-Nov,0.846,21-34,0.618,12,,,,,,,,,,,,,,,,,,,,,,,,,,,,,,,,,,,,,,,,,,,,,,,,,,,,,,,,,,,,,,,,,,,,,,
16,Fr,4-Jun,Peter Bandelj,Cal Poly,BW,Wing G,62,2.7,1.5,0.8,122.1,114.6,18.8,52,59.8,5.1,13.3,15.3,13,0.2,1.1,65,117-145,0.807,68-123,0.553,6.2,,,,,,,,,,,,,,,,,,,,,,,,,,,,,,,,,,,,,,,,,,,,,,,,,,,,,,,,,,,,,,,,,,,,,,
17,Jr,7-Jun,Kobe Young,Cal St. Fullerton,BW,Wing F,51.8,-0.6,1.5,-6.3,82.9,115,20.3,41.7,44.6,6.6,20.8,6.2,20.7,0.8,0.9,33.7,35-59,0.593,55-121,0.455,5,,,,,,,,,,,,,,,,,,,,,,,,,,,,,,,,,,,,,,,,,,,,,,,,,,,,,,,,,,,,,,,,,,,,,,
18,Sr,4-Jun,Marvin McGhee III,Cal St. Bakersfield,BW,Wing G,75.1,0.8,1.5,-3.9,103.9,117.2,16,44,48,1.8,13.4,6.5,13.1,0.1,0.8,19.4,45-52,0.865,34-80,0.425,11.9,,,,,,,,,,,,,,,,,,,,,,,,,,,,,,,,,,,,,,,,,,,,,,,,,,,,,,,,,,,,,,,,,,,,,,
19,Fr,2-Jun,Aaron Hunkin-Claytor,Hawaii,BW,Scoring PG,43.1,0.4,1.5,0.2,102.6,106.8,15.8,44.5,49.5,2.3,12.7,26.5,21.9,0.8,2.3,44,28-40,0.7,27-68,0.397,2.7,,,,,,,,,,,,,,,,,,,,,,,,,,,,,,,,,,,,,,,,,,,,,,,,,,,,,,,,,,,,,,,,,,,,,,
20,Sr,5-Jun,Niyi Olabode,UC Riverside,BW,Wing F,53.1,0.7,1.6,-0.3,110.2,110.2,12.7,50.7,52.5,6.3,15.7,7,15.5,1,1.5,14.2,15-20,0.75,28-58,0.483,7.1,,,,,,,,,,,,,,,,,,,,,,,,,,,,,,,,,,,,,,,,,,,,,,,,,,,,,,,,,,,,,,,,,,,,,,
21,Jr,4-Jun,Jemel Jones,Cal St. Bakersfield,BW,Combo G,67.4,3.9,1.6,4.7,113.5,114.7,34,51.4,55.7,4.3,12.5,22,13.7,1.3,1.8,27,108-127,0.85,191-375,0.509,6.8,,,,,,,,,,,,,,,,,,,,,,,,,,,,,,,,,,,,,,,,,,,,,,,,,,,,,,,,,,,,,,,,,,,,,,
22,Jr,3-Jun,CJ Hardy,Cal St. Bakersfield,BW,Combo G,62.4,1.8,1.6,-0.2,110.2,113.3,20.5,48.6,55.5,3.3,10.8,15.3,18.2,0.3,2.8,51.6,88-111,0.793,64-156,0.41,4.5,,,,,,,,,,,,,,,,,,,,,,,,,,,,,,,,,,,,,,,,,,,,,,,,,,,,,,,,,,,,,,,,,,,,,,
23,So,6-Jun,Nils Cooper,UC Davis,BW,Wing F,41.7,0.6,1.6,-2,113.4,105.2,11.9,47.3,54.3,8.7,13.8,5.8,12.7,0.9,2.1,65.8,35-48,0.729,33-61,0.541,1.4,,,,,,,,,,,,,,,,,,,,,,,,,,,,,,,,,,,,,,,,,,,,,,,,,,,,,,,,,,,,,,,,,,,,,,
24,Sr,9-Jun,Austin Johnson,Long Beach St.,BW,C,69.2,0.4,1.7,-4.7,97.7,114.1,17.4,49.7,55,6.8,17.4,7.7,23.7,3.1,0.9,42.4,58-75,0.773,88-173,0.509,0.3,,,,,,,,,,,,,,,,,,,,,,,,,,,,,,,,,,,,,,,,,,,,,,,,,,,,,,,,,,,,,,,,,,,,,,
25,So,9-Jun,Derrick Michael Xzavierro,Long Beach St.,BW,PF/C,49.3,0.7,1.7,-2.1,105.3,109.5,15.4,46.5,50.6,14.1,21.2,5.7,17.2,6.7,1.3,37.4,30-43,0.698,46-89,0.517,2.6,,,,,,,,,,,,,,,,,,,,,,,,,,,,,,,,,,,,,,,,,,,,,,,,,,,,,,,,,,,,,,,,,,,,,,
26,Jr,2-Jun,Donovan Oday,Cal St. Fullerton,BW,Wing G,60.3,1.4,1.7,-1.6,95.9,111.9,29,46.1,52.6,3.2,19.5,13.8,18.3,0.3,2,50.7,109-144,0.757,98-217,0.452,5.4,,,,,,,,,,,,,,,,,,,,,,,,,,,,,,,,,,,,,,,,,,,,,,,,,,,,,,,,,,,,,,,,,,,,,,
27,Sr,6-Jun,Fidelis Okereke,Cal St. Bakersfield,BW,PF/C,59.6,0.6,1.7,-2.2,103.2,110.9,16.6,48.6,53.3,10.4,12.3,5.1,20.8,6.5,2.2,63.9,60-92,0.652,70-143,0.49,0.1,,,,,,,,,,,,,,,,,,,,,,,,,,,,,,,,,,,,,,,,,,,,,,,,,,,,,,,,,,,,,,,,,,,,,,
28,Jr,Jun-00,Kody Williams,Hawaii,BW,Combo G,48,-0.7,1.7,-6.5,83.1,110.2,18.8,42.5,47.8,0.7,10.4,14.7,30.1,0.7,1,27.8,31-37,0.838,19-51,0.373,8.8,,,,,,,,,,,,,,,,,,,,,,,,,,,,,,,,,,,,,,,,,,,,,,,,,,,,,,,,,,,,,,,,,,,,,,
29,Jr,1-Jun,Isaiah Moses,UC Riverside,BW,Scoring PG,66.4,2.2,1.7,-0.2,108,112.9,24,49.4,54.4,0.9,7.8,22.6,17.7,0.1,1.8,23.2,71-75,0.947,80-172,0.465,10.3,,,,,,,,,,,,,,,,,,,,,,,,,,,,,,,,,,,,,,,,,,,,,,,,,,,,,,,,,,,,,,,,,,,,,,
30,So,9-Jun,Kaleb Smith,UC Riverside,BW,Wing F,66.3,0.9,1.8,-3.5,96.5,111.8,22.6,43.7,47.8,4.4,14.2,7,15.7,0,1.3,26.3,64-84,0.762,60-155,0.387,11.2,,,,,,,,,,,,,,,,,,,,,,,,,,,,,,,,,,,,,,,,,,,,,,,,,,,,,,,,,,,,,,,,,,,,,,
31,Jr,6-Jun,Corey Stephenson,Cal St. Bakersfield,BW,Wing F,64,1.4,1.9,-2.7,100.5,111.6,25,46.8,51,9.8,15.7,8.3,19.9,1.2,2.5,26.1,63-78,0.808,119-265,0.449,2.5,,,,,,,,,,,,,,,,,,,,,,,,,,,,,,,,,,,,,,,,,,,,,,,,,,,,,,,,,,,,,,,,,,,,,,
32,Sr,2-Jun,Tyler Beard,Cal St. Northridge,BW,Scoring PG,52.2,0.4,1.9,-1.2,97.9,106.1,18.9,46.8,49.7,2.1,13.2,25.9,25.9,0.7,2,21.8,28-38,0.737,41-102,0.402,6.1,,,,,,,,,,,,,,,,,,,,,,,,,,,,,,,,,,,,,,,,,,,,,,,,,,,,,,,,,,,,,,,,,,,,,,
33,So,4-Jun,Tom Beattie,Hawaii,BW,Wing G,64.9,0,1.9,-4,92.4,110.5,17.8,46.9,51.1,2,9.4,12.2,24,0.4,1.2,36.4,46-64,0.719,66-131,0.504,3.6,,,,,,,,,,,,,,,,,,,,,,,,,,,,,,,,,,,,,,,,,,,,,,,,,,,,,,,,,,,,,,,,,,,,,,
34,Jr,3-Jun,Nate Pickens,UC Riverside,BW,Combo G,67.2,1.9,1.9,0.6,110.2,111.2,19.6,49.6,54.9,4.6,10.4,13.5,16.5,1.7,1.7,44,81-106,0.764,49-124,0.395,7.9,,,,,,,,,,,,,,,,,,,,,,,,,,,,,,,,,,,,,,,,,,,,,,,,,,,,,,,,,,,,,,,,,,,,,,
35,Sr,5-Jun,Cole Anderson,UC Santa Barbara,BW,Combo G,71.9,2.2,1.9,1.1,126.6,112.4,12.3,66.3,67.4,0.8,7.1,6.8,11.7,0.2,1.4,9.2,17-19,0.895,18-42,0.429,10.7,,,,,,,,,,,,,,,,,,,,,,,,,,,,,,,,,,,,,,,,,,,,,,,,,,,,,,,,,,,,,,,,,,,,,,
36,Jr,10-Jun,Joel Armotrading,UC Riverside,BW,C,52.7,1.4,2,0,118.8,105.8,13.5,57.3,60.8,11.5,22.5,4,17.8,5.9,1,45.3,39-53,0.736,67-117,0.573,0,,,,,,,,,,,,,,,,,,,,,,,,,,,,,,,,,,,,,,,,,,,,,,,,,,,,,,,,,,,,,,,,,,,,,,
37,So,Jun-00,Connor Sevilla,UC Davis,BW,Combo G,74.7,0.9,2,-2.4,108.4,112.5,14.4,50.7,54.3,1.8,4.4,6.1,11.3,0.1,0.8,18.5,38-42,0.905,22-57,0.386,11.1,,,,,,,,,,,,,,,,,,,,,,,,,,,,,,,,,,,,,,,,,,,,,,,,,,,,,,,,,,,,,,,,,,,,,,
38,Sr,3-Jun,Jarred Hyder,Cal Poly,BW,Combo G,76.4,1.9,2,-1.3,103.1,113.9,22.1,51.4,53.6,1.8,9.6,17.1,18.4,0,2.1,15.8,50-63,0.794,62-128,0.484,13.7,,,,,,,,,,,,,,,,,,,,,,,,,,,,,,,,,,,,,,,,,,,,,,,,,,,,,,,,,,,,,,,,,,,,,,
39,Sr,5-Jun,Mac Riniker,Cal Poly,BW,Wing G,61.2,1.1,2,-0.9,100.1,107.9,21.3,56.9,58.1,6,14.4,17.7,27.3,2.4,3.3,35.2,51-82,0.622,95-156,0.609,4.9,,,,,,,,,,,,,,,,,,,,,,,,,,,,,,,,,,,,,,,,,,,,,,,,,,,,,,,,,,,,,,,,,,,,,,
40,Sr,5-Jun,Owen Koonce,Cal Poly,BW,Wing G,75,3.2,2,2,114.7,112.2,23.9,60.2,63.9,4.9,12.7,12.3,19,1.8,1.9,26.4,95-107,0.888,141-238,0.592,8.7,,,,,,,,,,,,,,,,,,,,,,,,,,,,,,,,,,,,,,,,,,,,,,,,,,,,,,,,,,,,,,,,,,,,,,
41,Sr,2-Jun,Isaac Jessup,Cal Poly,BW,Combo G,68.8,2.9,2,3.2,124.5,112.3,15.7,63.1,63.8,3.1,9.5,14.7,14.3,0.3,2.7,9.2,19-25,0.76,29-50,0.58,12.5,,,,,,,,,,,,,,,,,,,,,,,,,,,,,,,,,,,,,,,,,,,,,,,,,,,,,,,,,,,,,,,,,,,,,,
42,Jr,10-Jun,Kenny Pohto,UC Santa Barbara,BW,C,65.3,2.6,2.1,1.1,114.8,108.5,23.7,61.1,63.2,11.4,16,13.1,19.5,1.5,1.2,52.3,85-125,0.68,146-238,0.613,0.1,,,,,,,,,,,,,,,,,,,,,,,,,,,,,,,,,,,,,,,,,,,,,,,,,,,,,,,,,,,,,,,,,,,,,,
43,Sr,5-Jun,Ryan Rapp,Hawaii,BW,Wing G,58.9,0.7,2.1,-0.1,100.7,107.7,17.9,47.4,51.7,4.3,15.5,11.7,18.9,0.9,1.3,31.4,42-55,0.764,47-91,0.516,7.3,,,,,,,,,,,,,,,,,,,,,,,,,,,,,,,,,,,,,,,,,,,,,,,,,,,,,,,,,,,,,,,,,,,,,,
44,So,Jun-00,Barrington Hargress,UC Riverside,BW,Scoring PG,79.9,4.2,2.1,4.3,111.9,112.5,31.5,49.8,53,1.2,7.4,29.7,10.8,0.1,2.1,27,109-148,0.736,173-339,0.51,11.9,,,,,,,,,,,,,,,,,,,,,,,,,,,,,,,,,,,,,,,,,,,,,,,,,,,,,,,,,,,,,,,,,,,,,,
45,Sr,8-Jun,Gytis Nemeiksa,Hawaii,BW,Stretch 4,57.6,2.8,2.1,4.6,117.6,105.1,24.9,55.3,60.5,8,20.5,10.4,13.6,2.3,1.3,49.2,92-117,0.786,88-146,0.603,8.2,,,,,,,,,,,,,,,,,,,,,,,,,,,,,,,,,,,,,,,,,,,,,,,,,,,,,,,,,,,,,,,,,,,,,,
46,Sr,4-Jun,PJ Fuller II,Cal St. Northridge,BW,Combo G,59.5,0.6,2.1,-2.5,97.8,107.5,20.6,47.6,51.5,2.4,8.9,19.7,24.4,1.2,1.9,25.7,47-59,0.797,63-121,0.521,8.1,,,,,,,,,,,,,,,,,,,,,,,,,,,,,,,,,,,,,,,,,,,,,,,,,,,,,,,,,,,,,,,,,,,,,,
47,Sr,10-Jun,Tanner Christensen,Hawaii,BW,PF/C,62.1,2.5,2.2,1.8,115.9,106.4,22.5,62.1,64.9,12.9,20.4,10.4,20.2,3,0.5,72,91-131,0.695,104-169,0.615,1.1,,,,,,,,,,,,,,,,,,,,,,,,,,,,,,,,,,,,,,,,,,,,,,,,,,,,,,,,,,,,,,,,,,,,,,
48,Sr,5-Jun,Devin Askew,Long Beach St.,BW,Scoring PG,90.4,3,2.3,0.6,100.9,113.2,31.3,46.4,53.1,0.8,14.6,30.5,20,0.3,2.5,35,144-162,0.889,119-291,0.409,9.5,,,,,,,,,,,,,,,,,,,,,,,,,,,,,,,,,,,,,,,,,,,,,,,,,,,,,,,,,,,,,,,,,,,,,,
49,So,4-Jun,Justin Rochelin,UC San Diego,BW,Wing G,48.6,0.8,2.4,-1.1,107.9,96.3,16.4,56.7,57.8,4.3,16.6,6.6,15.9,1.9,2,18.3,20-30,0.667,42-69,0.609,8.8,,,,,,,,,,,,,,,,,,,,,,,,,,,,,,,,,,,,,,,,,,,,,,,,,,,,,,,,,,,,,,,,,,,,,,
50,Jr,4-Jun,Scotty Washington,Cal St. Northridge,BW,Wing G,73.9,2.2,2.5,0.2,109.9,107.7,22.1,50.6,55.9,1.9,10.3,8.3,14.9,1.1,1.7,32.9,102-119,0.857,105-221,0.475,8.4,,,,,,,,,,,,,,,,,,,,,,,,,,,,,,,,,,,,,,,,,,,,,,,,,,,,,,,,,,,,,,,,,,,,,,
51,Sr,6-Jun,Mahmoud Fofana,Cal St. Northridge,BW,Wing G,65.9,1.5,2.5,0.9,117,104.4,14.2,57.4,61.5,8,13.8,6.2,17.5,1.8,2.3,73.2,76-109,0.697,84-144,0.583,0.3,,,,,,,,,,,,,,,,,,,,,,,,,,,,,,,,,,,,,,,,,,,,,,,,,,,,,,,,,,,,,,,,,,,,,,
52,So,8-Jun,Marcus Adams Jr.,Cal St. Northridge,BW,Wing F,70.7,3,2.6,4.3,118.9,106.3,21.7,60.2,61.3,5.9,13.1,9.9,14.1,1.5,1.9,16.8,44-61,0.721,132-216,0.611,9.2,,,,,,,,,,,,,,,,,,,,,,,,,,,,,,,,,,,,,,,,,,,,,,,,,,,,,,,,,,,,,,,,,,,,,,
53,So,6-Jun,Jason Fontenet II,UC Santa Barbara,BW,Wing G,75.7,1.8,2.7,-0.3,108.5,106.1,19.8,48.4,54.2,4.5,18.8,17.4,17.3,1,1.8,41.4,82-103,0.796,74-149,0.497,6.2,,,,,,,,,,,,,,,,,,,,,,,,,,,,,,,,,,,,,,,,,,,,,,,,,,,,,,,,,,,,,,,,,,,,,,
54,Sr,2-Jun,Leo DeBruhl,UC Davis,BW,Scoring PG,73.1,0.3,2.7,-2.1,94.4,104.7,20,44,50.1,3.5,11.8,22.7,23.9,0.5,2.7,32.3,62-73,0.849,41-117,0.35,7.3,,,,,,,,,,,,,,,,,,,,,,,,,,,,,,,,,,,,,,,,,,,,,,,,,,,,,,,,,,,,,,,,,,,,,,
55,Sr,7-Jun,Pablo Tamba,UC Davis,BW,Wing G,69.2,1.2,2.8,-0.2,101.9,102.2,21.3,58.5,60.6,6,16.2,9.9,23.4,3,2.5,52.3,75-114,0.658,123-205,0.6,0.9,,,,,,,,,,,,,,,,,,,,,,,,,,,,,,,,,,,,,,,,,,,,,,,,,,,,,,,,,,,,,,,,,,,,,,
56,Sr,2-Jun,Stephan Swenson,UC Santa Barbara,BW,Scoring PG,75.6,3,2.9,5.3,114,104.6,24.1,56.9,59.1,1.9,12.6,29.9,18.3,0.7,3.7,19.8,52-66,0.788,59-132,0.447,12.5,,,,,,,,,,,,,,,,,,,,,,,,,,,,,,,,,,,,,,,,,,,,,,,,,,,,,,,,,,,,,,,,,,,,,,
57,Sr,9-Jun,Niko Rocak,UC Davis,BW,PF/C,62.4,0.8,2.9,1.8,110.7,97.9,13.3,56.8,61.2,9.1,22.6,10.8,23.4,8.7,2,65,48-67,0.716,42-72,0.583,2.4,,,,,,,,,,,,,,,,,,,,,,,,,,,,,,,,,,,,,,,,,,,,,,,,,,,,,,,,,,,,,,,,,,,,,,
58,Fr,5-Jun,Jurian Dixon,UC Irvine,BW,Wing G,65.4,1.1,3,0.4,106.3,98.9,17.4,48,52.4,3.4,8.7,12.2,12.8,0.2,1.9,34.6,71-94,0.755,87-184,0.473,5,,,,,,,,,,,,,,,,,,,,,,,,,,,,,,,,,,,,,,,,,,,,,,,,,,,,,,,,,,,,,,,,,,,,,,
59,So,2-Jun,Myles Che,UC Irvine,BW,Scoring PG,69,1.5,3,-0.4,100.7,100.9,23.9,48.1,55.1,2,7.1,18.9,21.2,0.1,1.4,44.2,127-151,0.841,85-219,0.388,6.6,,,,,,,,,,,,,,,,,,,,,,,,,,,,,,,,,,,,,,,,,,,,,,,,,,,,,,,,,,,,,,,,,,,,,,
60,Jr,8-Jun,Nordin Kapic,UC San Diego,BW,Stretch 4,61.9,1.6,3.2,0.4,104.4,95.9,23.7,48,52.5,6.7,17.5,9.5,13.9,2.3,2,36.2,75-101,0.743,56-112,0.5,12.2,,,,,,,,,,,,,,,,,,,,,,,,,,,,,,,,,,,,,,,,,,,,,,,,,,,,,,,,,,,,,,,,,,,,,,
61,Sr,3-Jun,Ty Johnson,UC Davis,BW,Scoring PG,84.6,2,3.4,0.2,90.8,102.9,38.3,41.5,47.5,2.8,10.7,25.3,17.9,0.6,3.8,37.9,164-214,0.766,177-433,0.409,7.5,,,,,,,,,,,,,,,,,,,,,,,,,,,,,,,,,,,,,,,,,,,,,,,,,,,,,,,,,,,,,,,,,,,,,,
62,Sr,5-Jun,Tyler McGhie,UC San Diego,BW,Wing G,78.1,3,3.6,4,113.2,98.5,24.1,52.2,55,1.2,14.2,10.9,5.8,1,1.8,17,67-78,0.859,80-166,0.482,16.9,,,,,,,,,,,,,,,,,,,,,,,,,,,,,,,,,,,,,,,,,,,,,,,,,,,,,,,,,,,,,,,,,,,,,,
63,Sr,1-Jun,Justin Hohn,UC Irvine,BW,Scoring PG,73.5,0.9,3.6,0.1,94.4,97,24.4,47.4,50.2,1.3,9.6,24.8,21.6,0.1,2.5,20.4,62-83,0.747,82-200,0.41,10.5,,,,,,,,,,,,,,,,,,,,,,,,,,,,,,,,,,,,,,,,,,,,,,,,,,,,,,,,,,,,,,,,,,,,,,
64,Sr,6-Jun,Keonte Jones,Cal St. Northridge,BW,PF/C,77.3,2.4,3.7,5.8,109,97.6,23.4,51,54.9,10,22.6,22.9,20.3,6.2,3.1,52.9,103-154,0.669,132-259,0.51,1.8,,,,,,,,,,,,,,,,,,,,,,,,,,,,,,,,,,,,,,,,,,,,,,,,,,,,,,,,,,,,,,,,,,,,,,
65,Sr,6-Jun,Aniwaniwa Tait-Jones,UC San Diego,BW,Wing G,76.4,5.3,3.8,9.5,124.9,96.2,30.5,59,64.7,5.6,15.7,26.2,13.4,2,2.3,79.8,218-288,0.757,192-315,0.61,2.7,,,,,,,,,,,,,,,,,,,,,,,,,,,,,,,,,,,,,,,,,,,,,,,,,,,,,,,,,,,,,,,,,,,,,,
66,Sr,Jul-00,Bent Leuchten,UC Irvine,BW,PF/C,66.4,3.9,3.8,8.6,124.5,90.5,25.5,56.7,64.5,11.3,25.2,12.5,13.2,5.1,1.1,76.4,206-252,0.817,160-288,0.556,2.4,,,,,,,,,,,,,,,,,,,,,,,,,,,,,,,,,,,,,,,,,,,,,,,,,,,,,,,,,,,,,,,,,,,,,,
67,Sr,6-Jun,Devin Tillis,UC Irvine,BW,Wing F,71.6,3.2,3.9,6.3,119.7,93.9,21,59.7,62.4,6.8,21.2,17.6,14.6,0.7,1.4,25.1,74-91,0.813,144-239,0.603,6.4,,,,,,,,,,,,,,,,,,,,,,,,,,,,,,,,,,,,,,,,,,,,,,,,,,,,,,,,,,,,,,,,,,,,,,
68,Jr,6-Jun,Chris Howell,UC San Diego,BW,Scoring PG,74.1,1.5,3.9,3.2,117.7,93.8,12.5,51.8,56.4,4.3,11.3,16.7,18,1.1,4.3,44.9,46-62,0.742,40-76,0.526,3.8,,,,,,,,,,,,,,,,,,,,,,,,,,,,,,,,,,,,,,,,,,,,,,,,,,,,,,,,,,,,,,,,,,,,,,
69,Sr,4-Jun,Hayden Gray,UC San Diego,BW,Scoring PG,82.7,2.5,4.6,7.1,117.1,91.8,17.5,58.6,59.4,2.3,8.9,18.7,14.7,1,5.7,15.1,30-44,0.682,81-146,0.555,8,,,,,,,,,,,,,,,,,,,,,,,,,,,,,,,,,,,,,,,,,,,,,,,,,,,,,,,,,,,,,,,,,,,,,,
